-- phpMyAdmin SQL Dump
-- version 4.8.4
-- https://www.phpmyadmin.net/
--
-- Hôte : 127.0.0.1:3309
-- Généré le :  mer. 29 mai 2019 à 12:04
-- Version du serveur :  5.7.24
-- Version de PHP :  7.2.14

SET SQL_MODE = "NO_AUTO_VALUE_ON_ZERO";
SET AUTOCOMMIT = 0;
START TRANSACTION;
SET time_zone = "+00:00";


/*!40101 SET @OLD_CHARACTER_SET_CLIENT=@@CHARACTER_SET_CLIENT */;
/*!40101 SET @OLD_CHARACTER_SET_RESULTS=@@CHARACTER_SET_RESULTS */;
/*!40101 SET @OLD_COLLATION_CONNECTION=@@COLLATION_CONNECTION */;
/*!40101 SET NAMES utf8mb4 */;

--
-- Base de données :  `maps_boulder_dash`
--

DELIMITER $$
--
-- Procédures
--
DROP PROCEDURE IF EXISTS `mapX`$$
CREATE DEFINER=`root`@`localhost` PROCEDURE `mapX` (IN `numMap` INT(1))  READS SQL DATA
SELECT maps_boulder_dash.filling_map.ID_type_elements, maps_boulder_dash.filling_map.X, maps_boulder_dash.filling_map.Y
FROM maps_boulder_dash.filling_map 
WHERE ID_Map = numMap$$

DELIMITER ;

-- --------------------------------------------------------

--
-- Structure de la table `filling_map`
--

DROP TABLE IF EXISTS `filling_map`;
CREATE TABLE IF NOT EXISTS `filling_map` (
  `ID_Map` int(1) NOT NULL,
  `ID_type_elements` int(1) NOT NULL,
  `X` int(16) NOT NULL,
  `Y` int(16) NOT NULL
) ENGINE=MyISAM DEFAULT CHARSET=utf8 COLLATE=utf8_bin;

--
-- Déchargement des données de la table `filling_map`
--

INSERT INTO `filling_map` (`ID_Map`, `ID_type_elements`, `X`, `Y`) VALUES
(1, 6, 1, 1),
(1, 6, 2, 1),
(1, 6, 3, 1),
(1, 6, 4, 1),
(1, 6, 5, 1),
(1, 6, 6, 1),
(1, 6, 7, 1),
(1, 6, 8, 1),
(1, 6, 9, 1),
(1, 6, 10, 1),
(1, 6, 11, 1),
(1, 6, 12, 1),
(1, 6, 13, 1),
(1, 6, 14, 1),
(1, 6, 15, 1),
(1, 6, 16, 1),
(1, 6, 17, 1),
(1, 6, 18, 1),
(1, 6, 19, 1),
(1, 6, 20, 1),
(1, 6, 21, 1),
(1, 6, 22, 1),
(1, 6, 23, 1),
(1, 6, 24, 1),
(1, 6, 25, 1),
(1, 6, 26, 1),
(1, 6, 1, 2),
(1, 1, 2, 2),
(1, 5, 3, 2),
(1, 5, 4, 2),
(1, 6, 5, 2),
(1, 5, 6, 2),
(1, 3, 7, 2),
(1, 5, 8, 2),
(1, 5, 9, 2),
(1, 5, 10, 2),
(1, 6, 11, 2),
(1, 5, 12, 2),
(1, 5, 13, 2),
(1, 5, 14, 2),
(1, 5, 15, 2),
(1, 5, 16, 2),
(1, 5, 17, 2),
(1, 5, 18, 2),
(1, 5, 19, 2),
(1, 5, 20, 2),
(1, 5, 21, 2),
(1, 5, 22, 2),
(1, 5, 23, 2),
(1, 5, 24, 2),
(1, 4, 25, 2),
(1, 6, 26, 2),
(1, 6, 1, 3),
(1, 5, 2, 3),
(1, 5, 3, 3),
(1, 5, 4, 3),
(1, 6, 5, 3),
(1, 5, 6, 3),
(1, 5, 7, 3),
(1, 5, 8, 3),
(1, 3, 9, 3),
(1, 5, 10, 3),
(1, 6, 11, 3),
(1, 3, 12, 3),
(1, 3, 13, 3),
(1, 5, 14, 3),
(1, 5, 15, 3),
(1, 5, 16, 3),
(1, 3, 17, 3),
(1, 3, 18, 3),
(1, 5, 19, 3),
(1, 5, 20, 3),
(1, 5, 21, 3),
(1, 5, 22, 3),
(1, 5, 23, 3),
(1, 5, 24, 3),
(1, 5, 25, 3),
(1, 6, 26, 3),
(1, 6, 1, 4),
(1, 5, 2, 4),
(1, 5, 3, 4),
(1, 5, 4, 4),
(1, 6, 5, 4),
(1, 5, 6, 4),
(1, 2, 7, 4),
(1, 5, 8, 4),
(1, 3, 9, 4),
(1, 5, 10, 4),
(1, 6, 11, 4),
(1, 5, 12, 4),
(1, 5, 13, 4),
(1, 5, 14, 4),
(1, 5, 15, 4),
(1, 5, 16, 4),
(1, 5, 17, 4),
(1, 5, 18, 4),
(1, 5, 19, 4),
(1, 5, 20, 4),
(1, 5, 21, 4),
(1, 5, 22, 4),
(1, 5, 23, 4),
(1, 5, 24, 4),
(1, 5, 25, 4),
(1, 6, 26, 4),
(1, 6, 1, 5),
(1, 5, 2, 5),
(1, 5, 3, 5),
(1, 5, 4, 5),
(1, 6, 5, 5),
(1, 5, 6, 5),
(1, 5, 7, 5),
(1, 5, 8, 5),
(1, 5, 9, 5),
(1, 5, 10, 5),
(1, 6, 11, 5),
(1, 4, 12, 5),
(1, 5, 13, 5),
(1, 3, 14, 5),
(1, 5, 15, 5),
(1, 6, 16, 5),
(1, 2, 17, 5),
(1, 5, 18, 5),
(1, 6, 19, 5),
(1, 6, 20, 5),
(1, 5, 21, 5),
(1, 3, 22, 5),
(1, 5, 23, 5),
(1, 5, 24, 5),
(1, 5, 25, 5),
(1, 6, 26, 5),
(1, 6, 1, 6),
(1, 5, 2, 6),
(1, 3, 3, 6),
(1, 5, 4, 6),
(1, 6, 5, 6),
(1, 5, 6, 6),
(1, 4, 7, 6),
(1, 5, 8, 6),
(1, 5, 9, 6),
(1, 5, 10, 6),
(1, 6, 11, 6),
(1, 5, 12, 6),
(1, 5, 13, 6),
(1, 5, 14, 6),
(1, 5, 15, 6),
(1, 6, 16, 6),
(1, 5, 17, 6),
(1, 5, 18, 6),
(1, 5, 19, 6),
(1, 6, 20, 6),
(1, 5, 21, 6),
(1, 5, 22, 6),
(1, 3, 23, 6),
(1, 5, 24, 6),
(1, 5, 25, 6),
(1, 6, 26, 6),
(1, 6, 1, 7),
(1, 5, 2, 7),
(1, 3, 3, 7),
(1, 5, 4, 7),
(1, 6, 5, 7),
(1, 5, 6, 7),
(1, 5, 7, 7),
(1, 5, 8, 7),
(1, 5, 9, 7),
(1, 5, 10, 7),
(1, 6, 11, 7),
(1, 5, 12, 7),
(1, 5, 13, 7),
(1, 5, 14, 7),
(1, 5, 15, 7),
(1, 6, 16, 7),
(1, 5, 17, 7),
(1, 5, 18, 7),
(1, 5, 19, 7),
(1, 6, 20, 7),
(1, 5, 21, 7),
(1, 5, 22, 7),
(1, 5, 23, 7),
(1, 5, 24, 7),
(1, 5, 25, 7),
(1, 6, 26, 7),
(1, 6, 1, 8),
(1, 5, 2, 8),
(1, 5, 3, 8),
(1, 5, 4, 8),
(1, 6, 5, 8),
(1, 5, 6, 8),
(1, 5, 7, 8),
(1, 5, 8, 8),
(1, 5, 9, 8),
(1, 5, 10, 8),
(1, 6, 11, 8),
(1, 5, 12, 8),
(1, 3, 13, 8),
(1, 5, 14, 8),
(1, 5, 15, 8),
(1, 6, 16, 8),
(1, 4, 17, 8),
(1, 4, 18, 8),
(1, 5, 19, 8),
(1, 6, 20, 8),
(1, 5, 21, 8),
(1, 5, 22, 8),
(1, 5, 23, 8),
(1, 5, 24, 8),
(1, 5, 25, 8),
(1, 6, 26, 8),
(1, 6, 1, 9),
(1, 5, 2, 9),
(1, 5, 3, 9),
(1, 5, 4, 9),
(1, 5, 5, 9),
(1, 5, 6, 9),
(1, 5, 7, 9),
(1, 5, 8, 9),
(1, 5, 9, 9),
(1, 5, 10, 9),
(1, 6, 11, 9),
(1, 5, 12, 9),
(1, 5, 13, 9),
(1, 5, 14, 9),
(1, 5, 15, 9),
(1, 6, 16, 9),
(1, 4, 17, 9),
(1, 4, 18, 9),
(1, 5, 19, 9),
(1, 6, 20, 9),
(1, 5, 21, 9),
(1, 5, 22, 9),
(1, 5, 23, 9),
(1, 5, 24, 9),
(1, 2, 25, 9),
(1, 6, 26, 9),
(1, 6, 1, 10),
(1, 5, 2, 10),
(1, 5, 3, 10),
(1, 5, 4, 10),
(1, 5, 5, 10),
(1, 5, 6, 10),
(1, 5, 7, 10),
(1, 5, 8, 10),
(1, 5, 9, 10),
(1, 6, 10, 10),
(1, 6, 11, 10),
(1, 5, 12, 10),
(1, 5, 13, 10),
(1, 5, 14, 10),
(1, 5, 15, 10),
(1, 6, 16, 10),
(1, 5, 17, 10),
(1, 5, 18, 10),
(1, 5, 19, 10),
(1, 6, 20, 10),
(1, 5, 21, 10),
(1, 5, 22, 10),
(1, 5, 23, 10),
(1, 5, 24, 10),
(1, 5, 25, 10),
(1, 6, 26, 10),
(1, 6, 1, 11),
(1, 4, 2, 11),
(1, 5, 3, 11),
(1, 5, 4, 11),
(1, 5, 5, 11),
(1, 5, 6, 11),
(1, 3, 7, 11),
(1, 5, 8, 11),
(1, 5, 9, 11),
(1, 5, 10, 11),
(1, 5, 11, 11),
(1, 5, 12, 11),
(1, 3, 13, 11),
(1, 5, 14, 11),
(1, 5, 15, 11),
(1, 6, 16, 11),
(1, 5, 17, 11),
(1, 5, 18, 11),
(1, 5, 19, 11),
(1, 6, 20, 11),
(1, 5, 21, 11),
(1, 3, 22, 11),
(1, 3, 23, 11),
(1, 5, 24, 11),
(1, 5, 25, 11),
(1, 6, 26, 11),
(1, 6, 1, 12),
(1, 5, 2, 12),
(1, 5, 3, 12),
(1, 5, 4, 12),
(1, 5, 5, 12),
(1, 5, 6, 12),
(1, 3, 7, 12),
(1, 5, 8, 12),
(1, 5, 9, 12),
(1, 5, 10, 12),
(1, 5, 11, 12),
(1, 5, 12, 12),
(1, 5, 13, 12),
(1, 5, 14, 12),
(1, 5, 15, 12),
(1, 6, 16, 12),
(1, 6, 17, 12),
(1, 6, 18, 12),
(1, 6, 19, 12),
(1, 6, 20, 12),
(1, 5, 21, 12),
(1, 3, 22, 12),
(1, 5, 23, 12),
(1, 5, 24, 12),
(1, 5, 25, 12),
(1, 6, 26, 12),
(1, 6, 1, 13),
(1, 5, 2, 13),
(1, 5, 3, 13),
(1, 5, 4, 13),
(1, 5, 5, 13),
(1, 5, 6, 13),
(1, 5, 7, 13),
(1, 3, 8, 13),
(1, 3, 9, 13),
(1, 5, 10, 13),
(1, 5, 11, 13),
(1, 5, 12, 13),
(1, 5, 13, 13),
(1, 5, 14, 13),
(1, 5, 15, 13),
(1, 5, 16, 13),
(1, 5, 17, 13),
(1, 5, 18, 13),
(1, 5, 19, 13),
(1, 5, 20, 13),
(1, 5, 21, 13),
(1, 3, 22, 13),
(1, 5, 23, 13),
(1, 5, 24, 13),
(1, 5, 25, 13),
(1, 6, 26, 13),
(1, 6, 1, 14),
(1, 5, 2, 14),
(1, 3, 3, 14),
(1, 5, 4, 14),
(1, 5, 5, 14),
(1, 5, 6, 14),
(1, 5, 7, 14),
(1, 5, 8, 14),
(1, 5, 9, 14),
(1, 6, 10, 14),
(1, 6, 11, 14),
(1, 6, 12, 14),
(1, 5, 13, 14),
(1, 5, 14, 14),
(1, 5, 15, 14),
(1, 5, 16, 14),
(1, 5, 17, 14),
(1, 5, 18, 14),
(1, 5, 19, 14),
(1, 5, 20, 14),
(1, 5, 21, 14),
(1, 5, 22, 14),
(1, 5, 23, 14),
(1, 5, 24, 14),
(1, 5, 25, 14),
(1, 6, 26, 14),
(1, 6, 1, 15),
(1, 5, 2, 15),
(1, 3, 3, 15),
(1, 3, 4, 15),
(1, 5, 5, 15),
(1, 5, 6, 15),
(1, 5, 7, 15),
(1, 5, 8, 15),
(1, 5, 9, 15),
(1, 5, 10, 15),
(1, 5, 11, 15),
(1, 6, 12, 15),
(1, 5, 13, 15),
(1, 5, 14, 15),
(1, 3, 15, 15),
(1, 5, 16, 15),
(1, 5, 17, 15),
(1, 5, 18, 15),
(1, 5, 19, 15),
(1, 5, 20, 15),
(1, 5, 21, 15),
(1, 5, 22, 15),
(1, 5, 23, 15),
(1, 5, 24, 15),
(1, 5, 25, 15),
(1, 6, 26, 15),
(1, 6, 1, 16),
(1, 5, 2, 16),
(1, 5, 3, 16),
(1, 5, 4, 16),
(1, 5, 5, 16),
(1, 5, 6, 16),
(1, 5, 7, 16),
(1, 5, 8, 16),
(1, 5, 9, 16),
(1, 5, 10, 16),
(1, 5, 11, 16),
(1, 6, 12, 16),
(1, 5, 13, 16),
(1, 5, 14, 16),
(1, 3, 15, 16),
(1, 5, 16, 16),
(1, 3, 17, 16),
(1, 5, 18, 16),
(1, 5, 19, 16),
(1, 5, 20, 16),
(1, 5, 21, 16),
(1, 5, 22, 16),
(1, 5, 23, 16),
(1, 5, 24, 16),
(1, 3, 25, 16),
(1, 6, 26, 16),
(1, 6, 1, 17),
(1, 6, 2, 17),
(1, 6, 3, 17),
(1, 6, 4, 17),
(1, 6, 5, 17),
(1, 6, 6, 17),
(1, 6, 7, 17),
(1, 5, 8, 17),
(1, 5, 9, 17),
(1, 5, 10, 17),
(1, 5, 11, 17),
(1, 6, 12, 17),
(1, 5, 13, 17),
(1, 5, 14, 17),
(1, 5, 15, 17),
(1, 5, 16, 17),
(1, 5, 17, 17),
(1, 5, 18, 17),
(1, 5, 19, 17),
(1, 6, 20, 17),
(1, 6, 21, 17),
(1, 6, 22, 17),
(1, 6, 23, 17),
(1, 5, 24, 17),
(1, 3, 25, 17),
(1, 6, 26, 17),
(1, 6, 1, 18),
(1, 5, 2, 18),
(1, 5, 3, 18),
(1, 5, 4, 18),
(1, 5, 5, 18),
(1, 5, 6, 18),
(1, 3, 7, 18),
(1, 5, 8, 18),
(1, 5, 9, 18),
(1, 3, 10, 18),
(1, 5, 11, 18),
(1, 6, 12, 18),
(1, 5, 13, 18),
(1, 5, 14, 18),
(1, 3, 15, 18),
(1, 5, 16, 18),
(1, 2, 17, 18),
(1, 5, 18, 18),
(1, 5, 19, 18),
(1, 6, 20, 18),
(1, 5, 21, 18),
(1, 5, 22, 18),
(1, 5, 23, 18),
(1, 5, 24, 18),
(1, 3, 25, 18),
(1, 6, 26, 18),
(1, 6, 1, 19),
(1, 3, 2, 19),
(1, 5, 3, 19),
(1, 5, 4, 19),
(1, 5, 5, 19),
(1, 5, 6, 19),
(1, 5, 7, 19),
(1, 5, 8, 19),
(1, 5, 9, 19),
(1, 4, 10, 19),
(1, 5, 11, 19),
(1, 6, 12, 19),
(1, 5, 13, 19),
(1, 5, 14, 19),
(1, 5, 15, 19),
(1, 5, 16, 19),
(1, 5, 17, 19),
(1, 5, 18, 19),
(1, 5, 19, 19),
(1, 6, 20, 19),
(1, 4, 21, 19),
(1, 5, 22, 19),
(1, 5, 23, 19),
(1, 5, 24, 19),
(1, 3, 25, 19),
(1, 6, 26, 19),
(1, 6, 1, 20),
(1, 5, 2, 20),
(1, 4, 3, 20),
(1, 3, 4, 20),
(1, 5, 5, 20),
(1, 5, 6, 20),
(1, 5, 7, 20),
(1, 5, 8, 20),
(1, 5, 9, 20),
(1, 5, 10, 20),
(1, 5, 11, 20),
(1, 6, 12, 20),
(1, 5, 13, 20),
(1, 5, 14, 20),
(1, 5, 15, 20),
(1, 5, 16, 20),
(1, 5, 17, 20),
(1, 5, 18, 20),
(1, 5, 19, 20),
(1, 6, 20, 20),
(1, 5, 21, 20),
(1, 5, 22, 20),
(1, 5, 23, 20),
(1, 5, 24, 20),
(1, 3, 25, 20),
(1, 6, 26, 20),
(1, 6, 1, 21),
(1, 3, 2, 21),
(1, 3, 3, 21),
(1, 5, 4, 21),
(1, 5, 5, 21),
(1, 5, 6, 21),
(1, 2, 7, 21),
(1, 5, 8, 21),
(1, 5, 9, 21),
(1, 5, 10, 21),
(1, 5, 11, 21),
(1, 5, 12, 21),
(1, 5, 13, 21),
(1, 5, 14, 21),
(1, 3, 15, 21),
(1, 3, 16, 21),
(1, 5, 17, 21),
(1, 5, 18, 21),
(1, 5, 19, 21),
(1, 6, 20, 21),
(1, 5, 21, 21),
(1, 5, 22, 21),
(1, 5, 23, 21),
(1, 5, 24, 21),
(1, 5, 25, 21),
(1, 6, 26, 21),
(1, 6, 1, 22),
(1, 5, 2, 22),
(1, 5, 3, 22),
(1, 5, 4, 22),
(1, 5, 5, 22),
(1, 5, 6, 22),
(1, 5, 7, 22),
(1, 5, 8, 22),
(1, 5, 9, 22),
(1, 5, 10, 22),
(1, 5, 11, 22),
(1, 5, 12, 22),
(1, 5, 13, 22),
(1, 5, 14, 22),
(1, 5, 15, 22),
(1, 3, 16, 22),
(1, 5, 17, 22),
(1, 5, 18, 22),
(1, 5, 19, 22),
(1, 6, 20, 22),
(1, 3, 21, 22),
(1, 3, 22, 22),
(1, 5, 23, 22),
(1, 5, 24, 22),
(1, 5, 25, 22),
(1, 6, 26, 22),
(1, 6, 1, 23),
(1, 6, 2, 23),
(1, 6, 3, 23),
(1, 6, 4, 23),
(1, 6, 5, 23),
(1, 6, 6, 23),
(1, 6, 7, 23),
(1, 6, 8, 23),
(1, 6, 9, 23),
(1, 6, 10, 23),
(1, 6, 11, 23),
(1, 6, 12, 23),
(1, 6, 13, 23),
(1, 6, 14, 23),
(1, 6, 15, 23),
(1, 6, 16, 23),
(1, 6, 17, 23),
(1, 6, 18, 23),
(1, 6, 19, 23),
(1, 6, 20, 23),
(1, 6, 21, 23),
(1, 6, 22, 23),
(1, 6, 23, 23),
(1, 6, 24, 23),
(1, 6, 25, 23),
(1, 6, 26, 23),
(2, 6, 1, 1),
(2, 6, 2, 1),
(2, 6, 3, 1),
(2, 6, 4, 1),
(2, 6, 5, 1),
(2, 6, 6, 1),
(2, 6, 7, 1),
(2, 6, 8, 1),
(2, 6, 9, 1),
(2, 6, 10, 1),
(2, 6, 11, 1),
(2, 6, 12, 1),
(2, 6, 13, 1),
(2, 6, 14, 1),
(2, 6, 15, 1),
(2, 6, 16, 1),
(2, 6, 17, 1),
(2, 6, 18, 1),
(2, 6, 19, 1),
(2, 6, 20, 1),
(2, 6, 21, 1),
(2, 6, 22, 1),
(2, 6, 23, 1),
(2, 6, 24, 1),
(2, 6, 25, 1),
(2, 6, 26, 1),
(2, 6, 1, 2),
(2, 1, 2, 2),
(2, 5, 3, 2),
(2, 5, 4, 2),
(2, 5, 5, 2),
(2, 5, 6, 2),
(2, 5, 7, 2),
(2, 5, 8, 2),
(2, 3, 9, 2),
(2, 5, 10, 2),
(2, 5, 11, 2),
(2, 5, 12, 2),
(2, 5, 13, 2),
(2, 5, 14, 2),
(2, 5, 15, 2),
(2, 5, 16, 2),
(2, 5, 17, 2),
(2, 6, 18, 2),
(2, 5, 19, 2),
(2, 5, 20, 2),
(2, 5, 21, 2),
(2, 5, 22, 2),
(2, 5, 23, 2),
(2, 5, 24, 2),
(2, 5, 25, 2),
(2, 6, 26, 2),
(2, 6, 1, 3),
(2, 5, 2, 3),
(2, 5, 3, 3),
(2, 5, 4, 3),
(2, 5, 5, 3),
(2, 5, 6, 3),
(2, 3, 7, 3),
(2, 3, 8, 3),
(2, 5, 9, 3),
(2, 5, 10, 3),
(2, 5, 11, 3),
(2, 5, 12, 3),
(2, 5, 13, 3),
(2, 3, 14, 3),
(2, 3, 15, 3),
(2, 4, 16, 3),
(2, 5, 17, 3),
(2, 6, 18, 3),
(2, 3, 19, 3),
(2, 3, 20, 3),
(2, 3, 21, 3),
(2, 5, 22, 3),
(2, 3, 23, 3),
(2, 3, 24, 3),
(2, 5, 25, 3),
(2, 6, 26, 3),
(2, 6, 1, 4),
(2, 5, 2, 4),
(2, 5, 3, 4),
(2, 3, 4, 4),
(2, 5, 5, 4),
(2, 5, 6, 4),
(2, 5, 7, 4),
(2, 3, 8, 4),
(2, 5, 9, 4),
(2, 5, 10, 4),
(2, 5, 11, 4),
(2, 3, 12, 4),
(2, 5, 13, 4),
(2, 5, 14, 4),
(2, 5, 15, 4),
(2, 5, 16, 4),
(2, 5, 17, 4),
(2, 6, 18, 4),
(2, 3, 19, 4),
(2, 5, 20, 4),
(2, 5, 21, 4),
(2, 5, 22, 4),
(2, 5, 23, 4),
(2, 3, 24, 4),
(2, 5, 25, 4),
(2, 6, 26, 4),
(2, 6, 1, 5),
(2, 5, 2, 5),
(2, 5, 3, 5),
(2, 3, 4, 5),
(2, 5, 5, 5),
(2, 5, 6, 5),
(2, 5, 7, 5),
(2, 5, 8, 5),
(2, 5, 9, 5),
(2, 5, 10, 5),
(2, 5, 11, 5),
(2, 5, 12, 5),
(2, 5, 13, 5),
(2, 5, 14, 5),
(2, 5, 15, 5),
(2, 5, 16, 5),
(2, 5, 17, 5),
(2, 6, 18, 5),
(2, 3, 19, 5),
(2, 5, 20, 5),
(2, 4, 21, 5),
(2, 5, 22, 5),
(2, 5, 23, 5),
(2, 3, 24, 5),
(2, 5, 25, 5),
(2, 6, 26, 5),
(2, 6, 1, 6),
(2, 3, 2, 6),
(2, 3, 3, 6),
(2, 3, 4, 6),
(2, 5, 5, 6),
(2, 5, 6, 6),
(2, 5, 7, 6),
(2, 5, 8, 6),
(2, 5, 9, 6),
(2, 5, 10, 6),
(2, 6, 11, 6),
(2, 5, 12, 6),
(2, 5, 13, 6),
(2, 5, 14, 6),
(2, 5, 15, 6),
(2, 5, 16, 6),
(2, 5, 17, 6),
(2, 6, 18, 6),
(2, 3, 19, 6),
(2, 5, 20, 6),
(2, 5, 21, 6),
(2, 5, 22, 6),
(2, 5, 23, 6),
(2, 3, 24, 6),
(2, 5, 25, 6),
(2, 6, 26, 6),
(2, 6, 1, 7),
(2, 5, 2, 7),
(2, 5, 3, 7),
(2, 5, 4, 7),
(2, 5, 5, 7),
(2, 5, 6, 7),
(2, 3, 7, 7),
(2, 5, 8, 7),
(2, 5, 9, 7),
(2, 5, 10, 7),
(2, 6, 11, 7),
(2, 5, 12, 7),
(2, 5, 13, 7),
(2, 5, 14, 7),
(2, 3, 15, 7),
(2, 5, 16, 7),
(2, 5, 17, 7),
(2, 6, 18, 7),
(2, 3, 19, 7),
(2, 3, 20, 7),
(2, 3, 21, 7),
(2, 3, 22, 7),
(2, 3, 23, 7),
(2, 3, 24, 7),
(2, 5, 25, 7),
(2, 6, 26, 7),
(2, 6, 1, 8),
(2, 5, 2, 8),
(2, 2, 3, 8),
(2, 5, 4, 8),
(2, 5, 5, 8),
(2, 5, 6, 8),
(2, 5, 7, 8),
(2, 3, 8, 8),
(2, 3, 9, 8),
(2, 3, 10, 8),
(2, 6, 11, 8),
(2, 5, 12, 8),
(2, 5, 13, 8),
(2, 5, 14, 8),
(2, 3, 15, 8),
(2, 3, 16, 8),
(2, 5, 17, 8),
(2, 6, 18, 8),
(2, 5, 19, 8),
(2, 5, 20, 8),
(2, 5, 21, 8),
(2, 5, 22, 8),
(2, 5, 23, 8),
(2, 5, 24, 8),
(2, 5, 25, 8),
(2, 6, 26, 8),
(2, 6, 1, 9),
(2, 5, 2, 9),
(2, 5, 3, 9),
(2, 5, 4, 9),
(2, 5, 5, 9),
(2, 5, 6, 9),
(2, 5, 7, 9),
(2, 5, 8, 9),
(2, 5, 9, 9),
(2, 3, 10, 9),
(2, 6, 11, 9),
(2, 5, 12, 9),
(2, 5, 13, 9),
(2, 5, 14, 9),
(2, 5, 15, 9),
(2, 3, 16, 9),
(2, 5, 17, 9),
(2, 6, 18, 9),
(2, 5, 19, 9),
(2, 5, 20, 9),
(2, 5, 21, 9),
(2, 5, 22, 9),
(2, 5, 23, 9),
(2, 5, 24, 9),
(2, 5, 25, 9),
(2, 6, 26, 9),
(2, 6, 1, 10),
(2, 5, 2, 10),
(2, 3, 3, 10),
(2, 3, 4, 10),
(2, 5, 5, 10),
(2, 5, 6, 10),
(2, 5, 7, 10),
(2, 5, 8, 10),
(2, 4, 9, 10),
(2, 5, 10, 10),
(2, 6, 11, 10),
(2, 2, 12, 10),
(2, 5, 13, 10),
(2, 5, 14, 10),
(2, 5, 15, 10),
(2, 5, 16, 10),
(2, 5, 17, 10),
(2, 6, 18, 10),
(2, 6, 19, 10),
(2, 6, 20, 10),
(2, 6, 21, 10),
(2, 6, 22, 10),
(2, 6, 23, 10),
(2, 5, 24, 10),
(2, 5, 25, 10),
(2, 6, 26, 10),
(2, 6, 1, 11),
(2, 5, 2, 11),
(2, 3, 3, 11),
(2, 3, 4, 11),
(2, 3, 5, 11),
(2, 5, 6, 11),
(2, 5, 7, 11),
(2, 5, 8, 11),
(2, 5, 9, 11),
(2, 5, 10, 11),
(2, 6, 11, 11),
(2, 5, 12, 11),
(2, 5, 13, 11),
(2, 5, 14, 11),
(2, 5, 15, 11),
(2, 5, 16, 11),
(2, 5, 17, 11),
(2, 5, 18, 11),
(2, 5, 19, 11),
(2, 5, 20, 11),
(2, 5, 21, 11),
(2, 5, 22, 11),
(2, 5, 23, 11),
(2, 5, 24, 11),
(2, 5, 25, 11),
(2, 6, 26, 11),
(2, 6, 1, 12),
(2, 6, 2, 12),
(2, 6, 3, 12),
(2, 6, 4, 12),
(2, 6, 5, 12),
(2, 6, 6, 12),
(2, 6, 7, 12),
(2, 6, 8, 12),
(2, 6, 9, 12),
(2, 6, 10, 12),
(2, 6, 11, 12),
(2, 6, 12, 12),
(2, 6, 13, 12),
(2, 6, 14, 12),
(2, 5, 15, 12),
(2, 5, 16, 12),
(2, 5, 17, 12),
(2, 5, 18, 12),
(2, 5, 19, 12),
(2, 5, 20, 12),
(2, 5, 21, 12),
(2, 5, 22, 12),
(2, 6, 23, 12),
(2, 5, 24, 12),
(2, 5, 25, 12),
(2, 6, 26, 12),
(2, 6, 1, 13),
(2, 3, 2, 13),
(2, 5, 3, 13),
(2, 5, 4, 13),
(2, 5, 5, 13),
(2, 5, 6, 13),
(2, 5, 7, 13),
(2, 5, 8, 13),
(2, 3, 9, 13),
(2, 3, 10, 13),
(2, 5, 11, 13),
(2, 5, 12, 13),
(2, 3, 13, 13),
(2, 5, 14, 13),
(2, 5, 15, 13),
(2, 5, 16, 13),
(2, 5, 17, 13),
(2, 5, 18, 13),
(2, 5, 19, 13),
(2, 5, 20, 13),
(2, 5, 21, 13),
(2, 5, 22, 13),
(2, 5, 23, 13),
(2, 2, 24, 13),
(2, 5, 25, 13),
(2, 6, 26, 13),
(2, 6, 1, 14),
(2, 5, 2, 14),
(2, 5, 3, 14),
(2, 5, 4, 14),
(2, 5, 5, 14),
(2, 5, 6, 14),
(2, 5, 7, 14),
(2, 5, 8, 14),
(2, 5, 9, 14),
(2, 5, 10, 14),
(2, 3, 11, 14),
(2, 5, 12, 14),
(2, 5, 13, 14),
(2, 5, 14, 14),
(2, 5, 15, 14),
(2, 5, 16, 14),
(2, 3, 17, 14),
(2, 5, 18, 14),
(2, 5, 19, 14),
(2, 5, 20, 14),
(2, 5, 21, 14),
(2, 5, 22, 14),
(2, 5, 23, 14),
(2, 5, 24, 14),
(2, 5, 25, 14),
(2, 6, 26, 14),
(2, 6, 1, 15),
(2, 5, 2, 15),
(2, 5, 3, 15),
(2, 5, 4, 15),
(2, 5, 5, 15),
(2, 5, 6, 15),
(2, 5, 7, 15),
(2, 5, 8, 15),
(2, 2, 9, 15),
(2, 5, 10, 15),
(2, 3, 11, 15),
(2, 5, 12, 15),
(2, 2, 13, 15),
(2, 5, 14, 15),
(2, 5, 15, 15),
(2, 5, 16, 15),
(2, 5, 17, 15),
(2, 3, 18, 15),
(2, 3, 19, 15),
(2, 5, 20, 15),
(2, 5, 21, 15),
(2, 5, 22, 15),
(2, 5, 23, 15),
(2, 5, 24, 15),
(2, 5, 25, 15),
(2, 6, 26, 15),
(2, 6, 1, 16),
(2, 5, 2, 16),
(2, 3, 3, 16),
(2, 5, 4, 16),
(2, 5, 5, 16),
(2, 5, 6, 16),
(2, 5, 7, 16),
(2, 5, 8, 16),
(2, 5, 9, 16),
(2, 5, 10, 16),
(2, 5, 11, 16),
(2, 5, 12, 16),
(2, 5, 13, 16),
(2, 5, 14, 16),
(2, 5, 15, 16),
(2, 5, 16, 16),
(2, 5, 17, 16),
(2, 5, 18, 16),
(2, 5, 19, 16),
(2, 5, 20, 16),
(2, 5, 21, 16),
(2, 5, 22, 16),
(2, 5, 23, 16),
(2, 4, 24, 16),
(2, 5, 25, 16),
(2, 6, 26, 16),
(2, 6, 1, 17),
(2, 5, 2, 17),
(2, 3, 3, 17),
(2, 3, 4, 17),
(2, 5, 5, 17),
(2, 3, 6, 17),
(2, 5, 7, 17),
(2, 5, 8, 17),
(2, 5, 9, 17),
(2, 6, 10, 17),
(2, 6, 11, 17),
(2, 6, 12, 17),
(2, 6, 13, 17),
(2, 6, 14, 17),
(2, 6, 15, 17),
(2, 6, 16, 17),
(2, 6, 17, 17),
(2, 6, 18, 17),
(2, 6, 19, 17),
(2, 6, 20, 17),
(2, 6, 21, 17),
(2, 6, 22, 17),
(2, 6, 23, 17),
(2, 6, 24, 17),
(2, 6, 25, 17),
(2, 6, 26, 17),
(2, 6, 1, 18),
(2, 5, 2, 18),
(2, 5, 3, 18),
(2, 5, 4, 18),
(2, 5, 5, 18),
(2, 5, 6, 18),
(2, 3, 7, 18),
(2, 3, 8, 18),
(2, 5, 9, 18),
(2, 5, 10, 18),
(2, 5, 11, 18),
(2, 5, 12, 18),
(2, 3, 13, 18),
(2, 5, 14, 18),
(2, 5, 15, 18),
(2, 5, 16, 18),
(2, 5, 17, 18),
(2, 5, 18, 18),
(2, 5, 19, 18),
(2, 5, 20, 18),
(2, 5, 21, 18),
(2, 5, 22, 18),
(2, 3, 23, 18),
(2, 5, 24, 18),
(2, 5, 25, 18),
(2, 6, 26, 18),
(2, 6, 1, 19),
(2, 5, 2, 19),
(2, 5, 3, 19),
(2, 5, 4, 19),
(2, 5, 5, 19),
(2, 5, 6, 19),
(2, 5, 7, 19),
(2, 5, 8, 19),
(2, 5, 9, 19),
(2, 5, 10, 19),
(2, 5, 11, 19),
(2, 5, 12, 19),
(2, 3, 13, 19),
(2, 5, 14, 19),
(2, 3, 15, 19),
(2, 3, 16, 19),
(2, 5, 17, 19),
(2, 5, 18, 19),
(2, 5, 19, 19),
(2, 5, 20, 19),
(2, 5, 21, 19),
(2, 5, 22, 19),
(2, 3, 23, 19),
(2, 5, 24, 19),
(2, 5, 25, 19),
(2, 6, 26, 19),
(2, 6, 1, 20),
(2, 5, 2, 20),
(2, 4, 3, 20),
(2, 5, 4, 20),
(2, 3, 5, 20),
(2, 5, 6, 20),
(2, 5, 7, 20),
(2, 5, 8, 20),
(2, 5, 9, 20),
(2, 5, 10, 20),
(2, 5, 11, 20),
(2, 2, 12, 20),
(2, 5, 13, 20),
(2, 3, 14, 20),
(2, 5, 15, 20),
(2, 5, 16, 20),
(2, 5, 17, 20),
(2, 5, 18, 20),
(2, 3, 19, 20),
(2, 3, 20, 20),
(2, 5, 21, 20),
(2, 5, 22, 20),
(2, 5, 23, 20),
(2, 5, 24, 20),
(2, 5, 25, 20),
(2, 6, 26, 20),
(2, 6, 1, 21),
(2, 5, 2, 21),
(2, 5, 3, 21),
(2, 5, 4, 21),
(2, 3, 5, 21),
(2, 5, 6, 21),
(2, 5, 7, 21),
(2, 5, 8, 21),
(2, 3, 9, 21),
(2, 5, 10, 21),
(2, 5, 11, 21),
(2, 5, 12, 21),
(2, 4, 13, 21),
(2, 5, 14, 21),
(2, 5, 15, 21),
(2, 5, 16, 21),
(2, 5, 17, 21),
(2, 5, 18, 21),
(2, 3, 19, 21),
(2, 5, 20, 21),
(2, 5, 21, 21),
(2, 5, 22, 21),
(2, 5, 23, 21),
(2, 5, 24, 21),
(2, 5, 25, 21),
(2, 6, 26, 21),
(2, 6, 1, 22),
(2, 5, 2, 22),
(2, 5, 3, 22),
(2, 5, 4, 22),
(2, 5, 5, 22),
(2, 5, 6, 22),
(2, 5, 7, 22),
(2, 5, 8, 22),
(2, 5, 9, 22),
(2, 5, 10, 22),
(2, 5, 11, 22),
(2, 5, 12, 22),
(2, 5, 13, 22),
(2, 5, 14, 22),
(2, 5, 15, 22),
(2, 5, 16, 22),
(2, 5, 17, 22),
(2, 5, 18, 22),
(2, 5, 19, 22),
(2, 5, 20, 22),
(2, 5, 21, 22),
(2, 5, 22, 22),
(2, 5, 23, 22),
(2, 5, 24, 22),
(2, 5, 25, 22),
(2, 6, 26, 22),
(2, 6, 1, 23),
(2, 6, 2, 23),
(2, 6, 3, 23),
(2, 6, 4, 23),
(2, 6, 5, 23),
(2, 6, 6, 23),
(2, 6, 7, 23),
(2, 6, 8, 23),
(2, 6, 9, 23),
(2, 6, 10, 23),
(2, 6, 11, 23),
(2, 6, 12, 23),
(2, 6, 13, 23),
(2, 6, 14, 23),
(2, 6, 15, 23),
(2, 6, 16, 23),
(2, 6, 17, 23),
(2, 6, 18, 23),
(2, 6, 19, 23),
(2, 6, 20, 23),
(2, 6, 21, 23),
(2, 6, 22, 23),
(2, 6, 23, 23),
(2, 6, 24, 23),
(2, 6, 25, 23),
(2, 6, 26, 23),
(3, 6, 1, 1),
(3, 6, 2, 1),
(3, 6, 3, 1),
(3, 6, 4, 1),
(3, 6, 5, 1),
(3, 6, 6, 1),
(3, 6, 7, 1),
(3, 6, 8, 1),
(3, 6, 9, 1),
(3, 6, 10, 1),
(3, 6, 11, 1),
(3, 6, 12, 1),
(3, 6, 13, 1),
(3, 6, 14, 1),
(3, 6, 15, 1),
(3, 6, 16, 1),
(3, 6, 17, 1),
(3, 6, 18, 1),
(3, 6, 19, 1),
(3, 6, 20, 1),
(3, 6, 21, 1),
(3, 6, 22, 1),
(3, 6, 23, 1),
(3, 6, 24, 1),
(3, 6, 25, 1),
(3, 6, 26, 1),
(3, 6, 1, 2),
(3, 1, 2, 2),
(3, 5, 3, 2),
(3, 5, 4, 2),
(3, 5, 5, 2),
(3, 3, 6, 2),
(3, 3, 7, 2),
(3, 3, 8, 2),
(3, 5, 9, 2),
(3, 5, 10, 2),
(3, 5, 11, 2),
(3, 5, 12, 2),
(3, 5, 13, 2),
(3, 5, 14, 2),
(3, 5, 15, 2),
(3, 5, 16, 2),
(3, 5, 17, 2),
(3, 5, 18, 2),
(3, 5, 19, 2),
(3, 5, 20, 2),
(3, 5, 21, 2),
(3, 6, 22, 2),
(3, 3, 23, 2),
(3, 5, 24, 2),
(3, 5, 25, 2),
(3, 6, 26, 2),
(3, 6, 1, 3),
(3, 5, 2, 3),
(3, 3, 3, 3),
(3, 5, 4, 3),
(3, 5, 5, 3),
(3, 5, 6, 3),
(3, 5, 7, 3),
(3, 5, 8, 3),
(3, 5, 9, 3),
(3, 3, 10, 3),
(3, 5, 11, 3),
(3, 4, 12, 3),
(3, 3, 13, 3),
(3, 5, 14, 3),
(3, 5, 15, 3),
(3, 2, 16, 3),
(3, 5, 17, 3),
(3, 5, 18, 3),
(3, 3, 19, 3),
(3, 5, 20, 3),
(3, 5, 21, 3),
(3, 5, 22, 3),
(3, 5, 23, 3),
(3, 4, 24, 3),
(3, 5, 25, 3),
(3, 6, 26, 3),
(3, 6, 1, 4),
(3, 5, 2, 4),
(3, 5, 3, 4),
(3, 5, 4, 4),
(3, 5, 5, 4),
(3, 5, 6, 4),
(3, 5, 7, 4),
(3, 5, 8, 4),
(3, 5, 9, 4),
(3, 5, 10, 4),
(3, 5, 11, 4),
(3, 5, 12, 4),
(3, 5, 13, 4),
(3, 5, 14, 4),
(3, 5, 15, 4),
(3, 5, 16, 4),
(3, 5, 17, 4),
(3, 5, 18, 4),
(3, 3, 19, 4),
(3, 5, 20, 4),
(3, 5, 21, 4),
(3, 6, 22, 4),
(3, 5, 23, 4),
(3, 5, 24, 4),
(3, 5, 25, 4),
(3, 6, 26, 4),
(3, 6, 1, 5),
(3, 5, 2, 5),
(3, 5, 3, 5),
(3, 6, 4, 5),
(3, 5, 5, 5),
(3, 5, 6, 5),
(3, 5, 7, 5),
(3, 6, 8, 5),
(3, 6, 9, 5),
(3, 6, 10, 5),
(3, 6, 11, 5),
(3, 6, 12, 5),
(3, 6, 13, 5),
(3, 6, 14, 5),
(3, 6, 15, 5),
(3, 6, 16, 5),
(3, 6, 17, 5),
(3, 6, 18, 5),
(3, 3, 19, 5),
(3, 5, 20, 5),
(3, 5, 21, 5),
(3, 6, 22, 5),
(3, 5, 23, 5),
(3, 3, 24, 5),
(3, 5, 25, 5),
(3, 6, 26, 5),
(3, 6, 1, 6),
(3, 5, 2, 6),
(3, 5, 3, 6),
(3, 6, 4, 6),
(3, 5, 5, 6),
(3, 3, 6, 6),
(3, 5, 7, 6),
(3, 6, 8, 6),
(3, 3, 9, 6),
(3, 3, 10, 6),
(3, 5, 11, 6),
(3, 5, 12, 6),
(3, 5, 13, 6),
(3, 5, 14, 6),
(3, 5, 15, 6),
(3, 5, 16, 6),
(3, 5, 17, 6),
(3, 6, 18, 6),
(3, 5, 19, 6),
(3, 5, 20, 6),
(3, 5, 21, 6),
(3, 6, 22, 6),
(3, 5, 23, 6),
(3, 5, 24, 6),
(3, 5, 25, 6),
(3, 6, 26, 6),
(3, 6, 1, 7),
(3, 3, 2, 7),
(3, 5, 3, 7),
(3, 6, 4, 7),
(3, 5, 5, 7),
(3, 5, 6, 7),
(3, 5, 7, 7),
(3, 6, 8, 7),
(3, 5, 9, 7),
(3, 5, 10, 7),
(3, 5, 11, 7),
(3, 5, 12, 7),
(3, 5, 13, 7),
(3, 5, 14, 7),
(3, 5, 15, 7),
(3, 3, 16, 7),
(3, 5, 17, 7),
(3, 6, 18, 7),
(3, 5, 19, 7),
(3, 5, 20, 7),
(3, 3, 21, 7),
(3, 6, 22, 7),
(3, 5, 23, 7),
(3, 5, 24, 7),
(3, 5, 25, 7),
(3, 6, 26, 7),
(3, 6, 1, 8),
(3, 5, 2, 8),
(3, 5, 3, 8),
(3, 6, 4, 8),
(3, 5, 5, 8),
(3, 5, 6, 8),
(3, 5, 7, 8),
(3, 6, 8, 8),
(3, 5, 9, 8),
(3, 5, 10, 8),
(3, 6, 11, 8),
(3, 5, 12, 8),
(3, 6, 13, 8),
(3, 6, 14, 8),
(3, 6, 15, 8),
(3, 3, 16, 8),
(3, 5, 17, 8),
(3, 6, 18, 8),
(3, 5, 19, 8),
(3, 3, 20, 8),
(3, 5, 21, 8),
(3, 6, 22, 8),
(3, 3, 23, 8),
(3, 5, 24, 8),
(3, 5, 25, 8),
(3, 6, 26, 8),
(3, 6, 1, 9),
(3, 5, 2, 9),
(3, 3, 3, 9),
(3, 6, 4, 9),
(3, 3, 5, 9),
(3, 5, 6, 9),
(3, 5, 7, 9),
(3, 6, 8, 9),
(3, 5, 9, 9),
(3, 4, 10, 9),
(3, 6, 11, 9),
(3, 5, 12, 9),
(3, 3, 13, 9),
(3, 5, 14, 9),
(3, 6, 15, 9),
(3, 5, 16, 9),
(3, 5, 17, 9),
(3, 6, 18, 9),
(3, 5, 19, 9),
(3, 5, 20, 9),
(3, 3, 21, 9),
(3, 6, 22, 9),
(3, 5, 23, 9),
(3, 5, 24, 9),
(3, 5, 25, 9),
(3, 6, 26, 9),
(3, 6, 1, 10),
(3, 5, 2, 10),
(3, 5, 3, 10),
(3, 6, 4, 10),
(3, 5, 5, 10),
(3, 5, 6, 10),
(3, 5, 7, 10),
(3, 6, 8, 10),
(3, 5, 9, 10),
(3, 5, 10, 10),
(3, 6, 11, 10),
(3, 5, 12, 10),
(3, 5, 13, 10),
(3, 5, 14, 10),
(3, 6, 15, 10),
(3, 5, 16, 10),
(3, 5, 17, 10),
(3, 6, 18, 10),
(3, 5, 19, 10),
(3, 5, 20, 10),
(3, 5, 21, 10),
(3, 6, 22, 10),
(3, 5, 23, 10),
(3, 5, 24, 10),
(3, 5, 25, 10),
(3, 6, 26, 10),
(3, 6, 1, 11),
(3, 5, 2, 11),
(3, 5, 3, 11),
(3, 6, 4, 11),
(3, 5, 5, 11),
(3, 5, 6, 11),
(3, 5, 7, 11),
(3, 6, 8, 11),
(3, 5, 9, 11),
(3, 5, 10, 11),
(3, 6, 11, 11),
(3, 5, 12, 11),
(3, 2, 13, 11),
(3, 5, 14, 11),
(3, 6, 15, 11),
(3, 5, 16, 11),
(3, 5, 17, 11),
(3, 5, 18, 11),
(3, 5, 19, 11),
(3, 5, 20, 11),
(3, 5, 21, 11),
(3, 6, 22, 11),
(3, 5, 23, 11),
(3, 3, 24, 11),
(3, 3, 25, 11),
(3, 6, 26, 11),
(3, 6, 1, 12),
(3, 5, 2, 12),
(3, 5, 3, 12),
(3, 6, 4, 12),
(3, 3, 5, 12),
(3, 3, 6, 12),
(3, 5, 7, 12),
(3, 6, 8, 12),
(3, 5, 9, 12),
(3, 5, 10, 12),
(3, 6, 11, 12),
(3, 5, 12, 12),
(3, 5, 13, 12),
(3, 5, 14, 12),
(3, 6, 15, 12),
(3, 5, 16, 12),
(3, 5, 17, 12),
(3, 5, 18, 12),
(3, 5, 19, 12),
(3, 3, 20, 12),
(3, 5, 21, 12),
(3, 6, 22, 12),
(3, 5, 23, 12),
(3, 5, 24, 12),
(3, 5, 25, 12),
(3, 6, 26, 12),
(3, 6, 1, 13),
(3, 5, 2, 13),
(3, 5, 3, 13),
(3, 6, 4, 13),
(3, 5, 5, 13),
(3, 5, 6, 13),
(3, 5, 7, 13),
(3, 6, 8, 13),
(3, 5, 9, 13),
(3, 5, 10, 13),
(3, 6, 11, 13),
(3, 6, 12, 13),
(3, 6, 13, 13),
(3, 6, 14, 13),
(3, 6, 15, 13),
(3, 5, 16, 13),
(3, 5, 17, 13),
(3, 6, 18, 13),
(3, 5, 19, 13),
(3, 5, 20, 13),
(3, 5, 21, 13),
(3, 6, 22, 13),
(3, 5, 23, 13),
(3, 5, 24, 13),
(3, 5, 25, 13),
(3, 6, 26, 13),
(3, 6, 1, 14),
(3, 3, 2, 14),
(3, 5, 3, 14),
(3, 6, 4, 14),
(3, 5, 5, 14),
(3, 5, 6, 14),
(3, 5, 7, 14),
(3, 6, 8, 14),
(3, 5, 9, 14),
(3, 3, 10, 14),
(3, 5, 11, 14),
(3, 5, 12, 14),
(3, 5, 13, 14),
(3, 5, 14, 14),
(3, 5, 15, 14),
(3, 5, 16, 14),
(3, 5, 17, 14),
(3, 6, 18, 14),
(3, 5, 19, 14),
(3, 5, 20, 14),
(3, 5, 21, 14),
(3, 6, 22, 14),
(3, 5, 23, 14),
(3, 5, 24, 14),
(3, 5, 25, 14),
(3, 6, 26, 14),
(3, 6, 1, 15),
(3, 5, 2, 15),
(3, 5, 3, 15),
(3, 6, 4, 15),
(3, 2, 5, 15),
(3, 5, 6, 15),
(3, 5, 7, 15),
(3, 6, 8, 15),
(3, 5, 9, 15),
(3, 5, 10, 15),
(3, 3, 11, 15),
(3, 5, 12, 15),
(3, 2, 13, 15),
(3, 5, 14, 15),
(3, 5, 15, 15),
(3, 3, 16, 15),
(3, 5, 17, 15),
(3, 6, 18, 15),
(3, 5, 19, 15),
(3, 3, 20, 15),
(3, 5, 21, 15),
(3, 6, 22, 15),
(3, 5, 23, 15),
(3, 2, 24, 15),
(3, 5, 25, 15),
(3, 6, 26, 15),
(3, 6, 1, 16),
(3, 5, 2, 16),
(3, 3, 3, 16),
(3, 6, 4, 16),
(3, 5, 5, 16),
(3, 5, 6, 16),
(3, 5, 7, 16),
(3, 6, 8, 16),
(3, 5, 9, 16),
(3, 5, 10, 16),
(3, 5, 11, 16),
(3, 5, 12, 16),
(3, 5, 13, 16),
(3, 5, 14, 16),
(3, 5, 15, 16),
(3, 5, 16, 16),
(3, 3, 17, 16),
(3, 6, 18, 16),
(3, 3, 19, 16),
(3, 5, 20, 16),
(3, 5, 21, 16),
(3, 6, 22, 16),
(3, 5, 23, 16),
(3, 5, 24, 16),
(3, 5, 25, 16),
(3, 6, 26, 16),
(3, 6, 1, 17),
(3, 5, 2, 17),
(3, 3, 3, 17),
(3, 6, 4, 17),
(3, 5, 5, 17),
(3, 5, 6, 17),
(3, 5, 7, 17),
(3, 6, 8, 17),
(3, 6, 9, 17),
(3, 6, 10, 17),
(3, 6, 11, 17),
(3, 6, 12, 17),
(3, 6, 13, 17),
(3, 6, 14, 17),
(3, 6, 15, 17),
(3, 6, 16, 17),
(3, 6, 17, 17),
(3, 6, 18, 17),
(3, 5, 19, 17),
(3, 5, 20, 17),
(3, 5, 21, 17),
(3, 6, 22, 17),
(3, 5, 23, 17),
(3, 5, 24, 17),
(3, 5, 25, 17),
(3, 6, 26, 17),
(3, 6, 1, 18),
(3, 5, 2, 18),
(3, 3, 3, 18),
(3, 6, 4, 18),
(3, 5, 5, 18),
(3, 3, 6, 18),
(3, 5, 7, 18),
(3, 5, 8, 18),
(3, 5, 9, 18),
(3, 5, 10, 18),
(3, 5, 11, 18),
(3, 5, 12, 18),
(3, 5, 13, 18),
(3, 5, 14, 18),
(3, 5, 15, 18),
(3, 5, 16, 18),
(3, 5, 17, 18),
(3, 5, 18, 18),
(3, 5, 19, 18),
(3, 5, 20, 18),
(3, 5, 21, 18),
(3, 6, 22, 18),
(3, 5, 23, 18),
(3, 5, 24, 18),
(3, 5, 25, 18),
(3, 6, 26, 18),
(3, 6, 1, 19),
(3, 5, 2, 19),
(3, 5, 3, 19),
(3, 6, 4, 19),
(3, 5, 5, 19),
(3, 5, 6, 19),
(3, 5, 7, 19),
(3, 5, 8, 19),
(3, 5, 9, 19),
(3, 5, 10, 19),
(3, 5, 11, 19),
(3, 5, 12, 19),
(3, 4, 13, 19),
(3, 5, 14, 19),
(3, 2, 15, 19),
(3, 5, 16, 19),
(3, 3, 17, 19),
(3, 5, 18, 19),
(3, 5, 19, 19),
(3, 5, 20, 19),
(3, 5, 21, 19),
(3, 6, 22, 19),
(3, 3, 23, 19),
(3, 3, 24, 19),
(3, 5, 25, 19),
(3, 6, 26, 19),
(3, 6, 1, 20),
(3, 5, 2, 20),
(3, 5, 3, 20),
(3, 6, 4, 20),
(3, 6, 5, 20),
(3, 6, 6, 20),
(3, 6, 7, 20),
(3, 6, 8, 20),
(3, 6, 9, 20),
(3, 6, 10, 20),
(3, 6, 11, 20),
(3, 6, 12, 20),
(3, 6, 13, 20),
(3, 6, 14, 20),
(3, 6, 15, 20),
(3, 6, 16, 20),
(3, 6, 17, 20),
(3, 6, 18, 20),
(3, 6, 19, 20),
(3, 6, 20, 20),
(3, 6, 21, 20),
(3, 6, 22, 20),
(3, 5, 23, 20),
(3, 5, 24, 20),
(3, 5, 25, 20),
(3, 6, 26, 20),
(3, 6, 1, 21),
(3, 5, 2, 21),
(3, 5, 3, 21),
(3, 5, 4, 21),
(3, 5, 5, 21),
(3, 5, 6, 21),
(3, 5, 7, 21),
(3, 5, 8, 21),
(3, 5, 9, 21),
(3, 5, 10, 21),
(3, 5, 11, 21),
(3, 3, 12, 21),
(3, 5, 13, 21),
(3, 5, 14, 21),
(3, 5, 15, 21),
(3, 5, 16, 21),
(3, 3, 17, 21),
(3, 3, 18, 21),
(3, 3, 19, 21),
(3, 3, 20, 21),
(3, 5, 21, 21),
(3, 5, 22, 21),
(3, 5, 23, 21),
(3, 5, 24, 21),
(3, 5, 25, 21),
(3, 6, 26, 21),
(3, 6, 1, 22),
(3, 3, 2, 22),
(3, 5, 3, 22),
(3, 5, 4, 22),
(3, 5, 5, 22),
(3, 5, 6, 22),
(3, 3, 7, 22),
(3, 5, 8, 22),
(3, 5, 9, 22),
(3, 5, 10, 22),
(3, 5, 11, 22),
(3, 4, 12, 22),
(3, 5, 13, 22),
(3, 5, 14, 22),
(3, 5, 15, 22),
(3, 5, 16, 22),
(3, 5, 17, 22),
(3, 5, 18, 22),
(3, 5, 19, 22),
(3, 5, 20, 22),
(3, 5, 21, 22),
(3, 5, 22, 22),
(3, 3, 23, 22),
(3, 5, 24, 22),
(3, 5, 25, 22),
(3, 6, 26, 22),
(3, 6, 1, 23),
(3, 6, 2, 23),
(3, 6, 3, 23),
(3, 6, 4, 23),
(3, 6, 5, 23),
(3, 6, 6, 23),
(3, 6, 7, 23),
(3, 6, 8, 23),
(3, 6, 9, 23),
(3, 6, 10, 23),
(3, 6, 11, 23),
(3, 6, 12, 23),
(3, 6, 13, 23),
(3, 6, 14, 23),
(3, 6, 15, 23),
(3, 6, 16, 23),
(3, 6, 17, 23),
(3, 6, 18, 23),
(3, 6, 19, 23),
(3, 6, 20, 23),
(3, 6, 21, 23),
(3, 6, 22, 23),
(3, 6, 23, 23),
(3, 6, 24, 23),
(3, 6, 25, 23),
(3, 6, 26, 23),
(4, 6, 1, 1),
(4, 6, 2, 1),
(4, 6, 3, 1),
(4, 6, 4, 1),
(4, 6, 5, 1),
(4, 6, 6, 1),
(4, 6, 7, 1),
(4, 6, 8, 1),
(4, 6, 9, 1),
(4, 6, 10, 1),
(4, 6, 11, 1),
(4, 6, 12, 1),
(4, 6, 13, 1),
(4, 6, 14, 1),
(4, 6, 15, 1),
(4, 6, 16, 1),
(4, 6, 17, 1),
(4, 6, 18, 1),
(4, 6, 19, 1),
(4, 6, 20, 1),
(4, 6, 21, 1),
(4, 6, 22, 1),
(4, 6, 23, 1),
(4, 6, 24, 1),
(4, 6, 25, 1),
(4, 6, 26, 1),
(4, 6, 1, 2),
(4, 1, 2, 2),
(4, 5, 3, 2),
(4, 5, 4, 2),
(4, 5, 5, 2),
(4, 5, 6, 2),
(4, 5, 7, 2),
(4, 5, 8, 2),
(4, 5, 9, 2),
(4, 5, 10, 2),
(4, 3, 11, 2),
(4, 3, 12, 2),
(4, 5, 13, 2),
(4, 5, 14, 2),
(4, 5, 15, 2),
(4, 5, 16, 2),
(4, 5, 17, 2),
(4, 5, 18, 2),
(4, 5, 19, 2),
(4, 5, 20, 2),
(4, 5, 21, 2),
(4, 3, 22, 2),
(4, 3, 23, 2),
(4, 5, 24, 2),
(4, 5, 25, 2),
(4, 6, 26, 2),
(4, 6, 1, 3),
(4, 5, 2, 3),
(4, 5, 3, 3),
(4, 5, 4, 3),
(4, 3, 5, 3),
(4, 3, 6, 3),
(4, 3, 7, 3),
(4, 5, 8, 3),
(4, 5, 9, 3),
(4, 5, 10, 3),
(4, 5, 11, 3),
(4, 5, 12, 3),
(4, 3, 13, 3),
(4, 5, 14, 3),
(4, 6, 15, 3),
(4, 5, 16, 3),
(4, 5, 17, 3),
(4, 3, 18, 3),
(4, 3, 19, 3),
(4, 3, 20, 3),
(4, 5, 21, 3),
(4, 5, 22, 3),
(4, 5, 23, 3),
(4, 5, 24, 3),
(4, 5, 25, 3),
(4, 6, 26, 3),
(4, 6, 1, 4),
(4, 5, 2, 4),
(4, 5, 3, 4),
(4, 5, 4, 4),
(4, 5, 5, 4),
(4, 5, 6, 4),
(4, 5, 7, 4),
(4, 5, 8, 4),
(4, 6, 9, 4),
(4, 5, 10, 4),
(4, 5, 11, 4),
(4, 5, 12, 4),
(4, 5, 13, 4),
(4, 5, 14, 4),
(4, 6, 15, 4),
(4, 5, 16, 4),
(4, 5, 17, 4),
(4, 5, 18, 4),
(4, 5, 19, 4),
(4, 5, 20, 4),
(4, 5, 21, 4),
(4, 5, 22, 4),
(4, 5, 23, 4),
(4, 5, 24, 4),
(4, 5, 25, 4),
(4, 6, 26, 4),
(4, 6, 1, 5),
(4, 5, 2, 5),
(4, 5, 3, 5),
(4, 5, 4, 5),
(4, 5, 5, 5),
(4, 5, 6, 5),
(4, 5, 7, 5),
(4, 5, 8, 5),
(4, 6, 9, 5),
(4, 5, 10, 5),
(4, 5, 11, 5),
(4, 5, 12, 5),
(4, 5, 13, 5),
(4, 5, 14, 5),
(4, 6, 15, 5),
(4, 5, 16, 5),
(4, 5, 17, 5),
(4, 5, 18, 5),
(4, 5, 19, 5),
(4, 5, 20, 5),
(4, 5, 21, 5),
(4, 5, 22, 5),
(4, 5, 23, 5),
(4, 6, 24, 5),
(4, 5, 25, 5),
(4, 6, 26, 5),
(4, 6, 1, 6),
(4, 5, 2, 6),
(4, 5, 3, 6),
(4, 5, 4, 6),
(4, 5, 5, 6),
(4, 2, 6, 6),
(4, 5, 7, 6),
(4, 5, 8, 6),
(4, 6, 9, 6),
(4, 5, 10, 6),
(4, 5, 11, 6),
(4, 5, 12, 6),
(4, 5, 13, 6),
(4, 5, 14, 6),
(4, 6, 15, 6),
(4, 5, 16, 6),
(4, 5, 17, 6),
(4, 5, 18, 6),
(4, 2, 19, 6),
(4, 5, 20, 6),
(4, 5, 21, 6),
(4, 3, 22, 6),
(4, 5, 23, 6),
(4, 5, 24, 6),
(4, 5, 25, 6),
(4, 6, 26, 6),
(4, 6, 1, 7),
(4, 5, 2, 7),
(4, 3, 3, 7),
(4, 5, 4, 7),
(4, 5, 5, 7),
(4, 5, 6, 7),
(4, 5, 7, 7),
(4, 5, 8, 7),
(4, 6, 9, 7),
(4, 5, 10, 7),
(4, 3, 11, 7),
(4, 3, 12, 7),
(4, 3, 13, 7),
(4, 5, 14, 7),
(4, 6, 15, 7),
(4, 5, 16, 7),
(4, 5, 17, 7),
(4, 5, 18, 7),
(4, 5, 19, 7),
(4, 5, 20, 7),
(4, 5, 21, 7),
(4, 3, 22, 7),
(4, 5, 23, 7),
(4, 5, 24, 7),
(4, 5, 25, 7),
(4, 6, 26, 7),
(4, 6, 1, 8),
(4, 5, 2, 8),
(4, 3, 3, 8),
(4, 5, 4, 8),
(4, 5, 5, 8),
(4, 5, 6, 8),
(4, 5, 7, 8),
(4, 5, 8, 8),
(4, 6, 9, 8),
(4, 5, 10, 8),
(4, 5, 11, 8),
(4, 5, 12, 8),
(4, 5, 13, 8),
(4, 5, 14, 8),
(4, 6, 15, 8),
(4, 5, 16, 8),
(4, 5, 17, 8),
(4, 5, 18, 8),
(4, 5, 19, 8),
(4, 5, 20, 8),
(4, 5, 21, 8),
(4, 5, 22, 8),
(4, 5, 23, 8),
(4, 5, 24, 8),
(4, 5, 25, 8),
(4, 6, 26, 8),
(4, 6, 1, 9),
(4, 5, 2, 9),
(4, 3, 3, 9),
(4, 5, 4, 9),
(4, 5, 5, 9),
(4, 3, 6, 9),
(4, 5, 7, 9),
(4, 5, 8, 9),
(4, 6, 9, 9),
(4, 5, 10, 9),
(4, 5, 11, 9),
(4, 5, 12, 9),
(4, 5, 13, 9),
(4, 5, 14, 9),
(4, 5, 15, 9),
(4, 5, 16, 9),
(4, 5, 17, 9),
(4, 6, 18, 9),
(4, 6, 19, 9),
(4, 6, 20, 9),
(4, 6, 21, 9),
(4, 6, 22, 9),
(4, 6, 23, 9),
(4, 5, 24, 9),
(4, 5, 25, 9),
(4, 6, 26, 9),
(4, 6, 1, 10),
(4, 5, 2, 10),
(4, 5, 3, 10),
(4, 5, 4, 10),
(4, 5, 5, 10),
(4, 5, 6, 10),
(4, 5, 7, 10),
(4, 5, 8, 10),
(4, 6, 9, 10),
(4, 5, 10, 10),
(4, 5, 11, 10),
(4, 2, 12, 10),
(4, 5, 13, 10),
(4, 5, 14, 10),
(4, 5, 15, 10),
(4, 5, 16, 10),
(4, 5, 17, 10),
(4, 5, 18, 10),
(4, 5, 19, 10),
(4, 5, 20, 10),
(4, 5, 21, 10),
(4, 5, 22, 10),
(4, 6, 23, 10),
(4, 3, 24, 10),
(4, 5, 25, 10),
(4, 6, 26, 10),
(4, 6, 1, 11),
(4, 5, 2, 11),
(4, 5, 3, 11),
(4, 5, 4, 11),
(4, 5, 5, 11),
(4, 5, 6, 11),
(4, 5, 7, 11),
(4, 5, 8, 11),
(4, 6, 9, 11),
(4, 5, 10, 11),
(4, 5, 11, 11),
(4, 5, 12, 11),
(4, 5, 13, 11),
(4, 5, 14, 11),
(4, 5, 15, 11),
(4, 5, 16, 11),
(4, 5, 17, 11),
(4, 5, 18, 11),
(4, 5, 19, 11),
(4, 5, 20, 11),
(4, 5, 21, 11),
(4, 5, 22, 11),
(4, 6, 23, 11),
(4, 5, 24, 11),
(4, 5, 25, 11),
(4, 6, 26, 11),
(4, 6, 1, 12),
(4, 5, 2, 12),
(4, 5, 3, 12),
(4, 5, 4, 12),
(4, 5, 5, 12),
(4, 5, 6, 12),
(4, 5, 7, 12),
(4, 5, 8, 12),
(4, 6, 9, 12),
(4, 5, 10, 12),
(4, 5, 11, 12),
(4, 5, 12, 12),
(4, 5, 13, 12),
(4, 5, 14, 12),
(4, 3, 15, 12),
(4, 5, 16, 12),
(4, 5, 17, 12),
(4, 5, 18, 12),
(4, 5, 19, 12),
(4, 5, 20, 12),
(4, 5, 21, 12),
(4, 5, 22, 12),
(4, 6, 23, 12),
(4, 4, 24, 12),
(4, 5, 25, 12),
(4, 6, 26, 12),
(4, 6, 1, 13),
(4, 5, 2, 13),
(4, 5, 3, 13),
(4, 5, 4, 13),
(4, 3, 5, 13),
(4, 3, 6, 13),
(4, 3, 7, 13),
(4, 5, 8, 13),
(4, 6, 9, 13),
(4, 6, 10, 13),
(4, 6, 11, 13),
(4, 6, 12, 13),
(4, 6, 13, 13),
(4, 3, 14, 13),
(4, 5, 15, 13),
(4, 5, 16, 13),
(4, 5, 17, 13),
(4, 3, 18, 13),
(4, 3, 19, 13),
(4, 3, 20, 13),
(4, 5, 21, 13),
(4, 5, 22, 13),
(4, 6, 23, 13),
(4, 5, 24, 13),
(4, 5, 25, 13),
(4, 6, 26, 13),
(4, 6, 1, 14),
(4, 5, 2, 14),
(4, 5, 3, 14),
(4, 5, 4, 14),
(4, 5, 5, 14),
(4, 5, 6, 14),
(4, 5, 7, 14),
(4, 5, 8, 14),
(4, 5, 9, 14),
(4, 5, 10, 14),
(4, 5, 11, 14),
(4, 5, 12, 14),
(4, 6, 13, 14),
(4, 3, 14, 14),
(4, 5, 15, 14),
(4, 5, 16, 14),
(4, 5, 17, 14),
(4, 5, 18, 14),
(4, 5, 19, 14),
(4, 5, 20, 14),
(4, 5, 21, 14),
(4, 5, 22, 14),
(4, 6, 23, 14),
(4, 5, 24, 14),
(4, 3, 25, 14),
(4, 6, 26, 14),
(4, 6, 1, 15),
(4, 5, 2, 15),
(4, 3, 3, 15),
(4, 5, 4, 15),
(4, 5, 5, 15),
(4, 5, 6, 15),
(4, 5, 7, 15),
(4, 5, 8, 15),
(4, 5, 9, 15),
(4, 3, 10, 15),
(4, 3, 11, 15),
(4, 5, 12, 15),
(4, 6, 13, 15),
(4, 5, 14, 15),
(4, 5, 15, 15),
(4, 5, 16, 15),
(4, 5, 17, 15),
(4, 5, 18, 15),
(4, 5, 19, 15),
(4, 5, 20, 15),
(4, 5, 21, 15),
(4, 5, 22, 15),
(4, 6, 23, 15),
(4, 5, 24, 15),
(4, 5, 25, 15),
(4, 6, 26, 15),
(4, 6, 1, 16),
(4, 5, 2, 16),
(4, 3, 3, 16),
(4, 5, 4, 16),
(4, 5, 5, 16),
(4, 2, 6, 16),
(4, 5, 7, 16),
(4, 5, 8, 16),
(4, 5, 9, 16),
(4, 5, 10, 16),
(4, 5, 11, 16),
(4, 5, 12, 16),
(4, 6, 13, 16),
(4, 5, 14, 16),
(4, 5, 15, 16),
(4, 5, 16, 16),
(4, 5, 17, 16),
(4, 5, 18, 16),
(4, 2, 19, 16),
(4, 5, 20, 16),
(4, 5, 21, 16),
(4, 5, 22, 16),
(4, 6, 23, 16),
(4, 6, 24, 16),
(4, 6, 25, 16),
(4, 6, 26, 16),
(4, 6, 1, 17),
(4, 5, 2, 17),
(4, 5, 3, 17),
(4, 5, 4, 17),
(4, 5, 5, 17),
(4, 5, 6, 17),
(4, 5, 7, 17),
(4, 5, 8, 17),
(4, 5, 9, 17),
(4, 5, 10, 17),
(4, 5, 11, 17),
(4, 5, 12, 17),
(4, 6, 13, 17),
(4, 5, 14, 17),
(4, 5, 15, 17),
(4, 5, 16, 17),
(4, 5, 17, 17),
(4, 5, 18, 17),
(4, 5, 19, 17),
(4, 5, 20, 17),
(4, 5, 21, 17),
(4, 5, 22, 17),
(4, 5, 23, 17),
(4, 5, 24, 17),
(4, 5, 25, 17),
(4, 6, 26, 17),
(4, 6, 1, 18),
(4, 5, 2, 18),
(4, 5, 3, 18),
(4, 5, 4, 18),
(4, 5, 5, 18),
(4, 5, 6, 18),
(4, 5, 7, 18),
(4, 5, 8, 18),
(4, 5, 9, 18),
(4, 5, 10, 18),
(4, 5, 11, 18),
(4, 5, 12, 18),
(4, 5, 13, 18),
(4, 5, 14, 18),
(4, 5, 15, 18),
(4, 5, 16, 18),
(4, 5, 17, 18),
(4, 5, 18, 18),
(4, 5, 19, 18),
(4, 5, 20, 18),
(4, 3, 21, 18),
(4, 5, 22, 18),
(4, 5, 23, 18),
(4, 3, 24, 18),
(4, 5, 25, 18),
(4, 6, 26, 18),
(4, 6, 1, 19),
(4, 6, 2, 19),
(4, 6, 3, 19),
(4, 6, 4, 19),
(4, 6, 5, 19),
(4, 6, 6, 19),
(4, 6, 7, 19),
(4, 5, 8, 19),
(4, 5, 9, 19),
(4, 5, 10, 19),
(4, 3, 11, 19),
(4, 3, 12, 19),
(4, 3, 13, 19),
(4, 3, 14, 19),
(4, 3, 15, 19),
(4, 5, 16, 19),
(4, 5, 17, 19),
(4, 5, 18, 19),
(4, 5, 19, 19),
(4, 5, 20, 19),
(4, 5, 21, 19),
(4, 5, 22, 19),
(4, 5, 23, 19),
(4, 5, 24, 19),
(4, 5, 25, 19),
(4, 6, 26, 19),
(4, 6, 1, 20),
(4, 5, 2, 20),
(4, 5, 3, 20),
(4, 5, 4, 20),
(4, 5, 5, 20),
(4, 5, 6, 20),
(4, 3, 7, 20),
(4, 5, 8, 20),
(4, 5, 9, 20),
(4, 5, 10, 20),
(4, 3, 11, 20),
(4, 3, 12, 20),
(4, 3, 13, 20),
(4, 3, 14, 20),
(4, 3, 15, 20),
(4, 5, 16, 20),
(4, 5, 17, 20),
(4, 5, 18, 20),
(4, 3, 19, 20),
(4, 3, 20, 20),
(4, 5, 21, 20),
(4, 5, 22, 20),
(4, 5, 23, 20),
(4, 5, 24, 20),
(4, 5, 25, 20),
(4, 6, 26, 20),
(4, 6, 1, 21),
(4, 5, 2, 21),
(4, 4, 3, 21),
(4, 5, 4, 21),
(4, 5, 5, 21),
(4, 5, 6, 21),
(4, 5, 7, 21),
(4, 5, 8, 21),
(4, 5, 9, 21),
(4, 5, 10, 21),
(4, 3, 11, 21),
(4, 4, 12, 21),
(4, 5, 13, 21),
(4, 5, 14, 21),
(4, 5, 15, 21),
(4, 5, 16, 21),
(4, 5, 17, 21),
(4, 5, 18, 21),
(4, 5, 19, 21),
(4, 5, 20, 21),
(4, 5, 21, 21),
(4, 5, 22, 21),
(4, 5, 23, 21),
(4, 5, 24, 21),
(4, 5, 25, 21),
(4, 6, 26, 21),
(4, 6, 1, 22),
(4, 5, 2, 22),
(4, 5, 3, 22),
(4, 3, 4, 22),
(4, 5, 5, 22),
(4, 5, 6, 22),
(4, 5, 7, 22),
(4, 5, 8, 22),
(4, 5, 9, 22),
(4, 5, 10, 22),
(4, 5, 11, 22),
(4, 5, 12, 22),
(4, 5, 13, 22),
(4, 5, 14, 22),
(4, 5, 15, 22),
(4, 5, 16, 22),
(4, 5, 17, 22),
(4, 5, 18, 22),
(4, 5, 19, 22),
(4, 5, 20, 22),
(4, 5, 21, 22),
(4, 5, 22, 22),
(4, 5, 23, 22),
(4, 5, 24, 22),
(4, 5, 25, 22),
(4, 6, 26, 22),
(4, 6, 1, 23),
(4, 6, 2, 23),
(4, 6, 3, 23),
(4, 6, 4, 23),
(4, 6, 5, 23),
(4, 6, 6, 23),
(4, 6, 7, 23),
(4, 6, 8, 23),
(4, 6, 9, 23),
(4, 6, 10, 23),
(4, 6, 11, 23),
(4, 6, 12, 23),
(4, 6, 13, 23),
(4, 6, 14, 23),
(4, 6, 15, 23),
(4, 6, 16, 23),
(4, 6, 17, 23),
(4, 6, 18, 23),
(4, 6, 19, 23),
(4, 6, 20, 23),
(4, 6, 21, 23),
(4, 6, 22, 23),
(4, 6, 23, 23),
(4, 6, 24, 23),
(4, 6, 25, 23),
(4, 6, 26, 23),
(5, 6, 1, 1),
(5, 6, 2, 1),
(5, 6, 3, 1),
(5, 6, 4, 1),
(5, 6, 5, 1),
(5, 6, 6, 1),
(5, 6, 7, 1),
(5, 6, 8, 1),
(5, 6, 9, 1),
(5, 6, 10, 1),
(5, 6, 11, 1),
(5, 6, 12, 1),
(5, 6, 13, 1),
(5, 6, 14, 1),
(5, 6, 15, 1),
(5, 6, 16, 1),
(5, 6, 17, 1),
(5, 6, 18, 1),
(5, 6, 19, 1),
(5, 6, 20, 1),
(5, 6, 21, 1),
(5, 6, 22, 1),
(5, 6, 23, 1),
(5, 6, 24, 1),
(5, 6, 25, 1),
(5, 6, 26, 1),
(5, 6, 1, 2),
(5, 1, 2, 2),
(5, 5, 3, 2),
(5, 5, 4, 2),
(5, 5, 5, 2),
(5, 6, 6, 2),
(5, 3, 7, 2),
(5, 3, 8, 2),
(5, 5, 9, 2),
(5, 5, 10, 2),
(5, 5, 11, 2),
(5, 3, 12, 2),
(5, 3, 13, 2),
(5, 5, 14, 2),
(5, 5, 15, 2),
(5, 5, 16, 2),
(5, 5, 17, 2),
(5, 4, 18, 2),
(5, 3, 19, 2),
(5, 6, 20, 2),
(5, 5, 21, 2),
(5, 5, 22, 2),
(5, 3, 23, 2),
(5, 3, 24, 2),
(5, 5, 25, 2),
(5, 6, 26, 2),
(5, 6, 1, 3),
(5, 5, 2, 3),
(5, 5, 3, 3),
(5, 3, 4, 3),
(5, 5, 5, 3),
(5, 6, 6, 3),
(5, 5, 7, 3),
(5, 4, 8, 3),
(5, 5, 9, 3),
(5, 5, 10, 3),
(5, 5, 11, 3),
(5, 5, 12, 3),
(5, 5, 13, 3),
(5, 3, 14, 3),
(5, 5, 15, 3),
(5, 5, 16, 3),
(5, 5, 17, 3),
(5, 3, 18, 3),
(5, 5, 19, 3),
(5, 6, 20, 3),
(5, 4, 21, 3),
(5, 4, 22, 3),
(5, 5, 23, 3),
(5, 5, 24, 3),
(5, 5, 25, 3),
(5, 6, 26, 3),
(5, 6, 1, 4),
(5, 5, 2, 4),
(5, 5, 3, 4),
(5, 3, 4, 4),
(5, 5, 5, 4),
(5, 6, 6, 4),
(5, 5, 7, 4),
(5, 5, 8, 4),
(5, 5, 9, 4),
(5, 5, 10, 4),
(5, 5, 11, 4),
(5, 5, 12, 4),
(5, 2, 13, 4),
(5, 5, 14, 4),
(5, 5, 15, 4),
(5, 5, 16, 4),
(5, 5, 17, 4),
(5, 5, 18, 4),
(5, 3, 19, 4),
(5, 6, 20, 4),
(5, 5, 21, 4),
(5, 5, 22, 4),
(5, 5, 23, 4),
(5, 5, 24, 4),
(5, 5, 25, 4),
(5, 6, 26, 4),
(5, 6, 1, 5),
(5, 5, 2, 5),
(5, 5, 3, 5),
(5, 6, 4, 5),
(5, 6, 5, 5),
(5, 6, 6, 5),
(5, 6, 7, 5),
(5, 6, 8, 5),
(5, 6, 9, 5),
(5, 5, 10, 5),
(5, 5, 11, 5),
(5, 5, 12, 5),
(5, 5, 13, 5),
(5, 5, 14, 5),
(5, 5, 15, 5),
(5, 5, 16, 5),
(5, 6, 17, 5),
(5, 6, 18, 5),
(5, 6, 19, 5),
(5, 6, 20, 5),
(5, 6, 21, 5),
(5, 6, 22, 5),
(5, 3, 23, 5),
(5, 3, 24, 5),
(5, 5, 25, 5),
(5, 6, 26, 5),
(5, 6, 1, 6),
(5, 5, 2, 6),
(5, 5, 3, 6),
(5, 5, 4, 6),
(5, 5, 5, 6),
(5, 6, 6, 6),
(5, 3, 7, 6),
(5, 3, 8, 6),
(5, 5, 9, 6),
(5, 5, 10, 6),
(5, 5, 11, 6),
(5, 5, 12, 6),
(5, 5, 13, 6),
(5, 5, 14, 6),
(5, 5, 15, 6),
(5, 5, 16, 6),
(5, 5, 17, 6),
(5, 5, 18, 6),
(5, 5, 19, 6),
(5, 6, 20, 6),
(5, 5, 21, 6),
(5, 5, 22, 6),
(5, 5, 23, 6),
(5, 5, 24, 6),
(5, 5, 25, 6),
(5, 6, 26, 6),
(5, 6, 1, 7),
(5, 5, 2, 7),
(5, 5, 3, 7),
(5, 5, 4, 7),
(5, 5, 5, 7),
(5, 6, 6, 7),
(5, 5, 7, 7),
(5, 5, 8, 7),
(5, 5, 9, 7),
(5, 5, 10, 7),
(5, 5, 11, 7),
(5, 6, 12, 7),
(5, 5, 13, 7),
(5, 5, 14, 7),
(5, 5, 15, 7),
(5, 5, 16, 7),
(5, 3, 17, 7),
(5, 3, 18, 7),
(5, 5, 19, 7),
(5, 6, 20, 7),
(5, 5, 21, 7),
(5, 5, 22, 7),
(5, 5, 23, 7),
(5, 5, 24, 7),
(5, 5, 25, 7),
(5, 6, 26, 7),
(5, 6, 1, 8),
(5, 5, 2, 8),
(5, 5, 3, 8),
(5, 5, 4, 8),
(5, 5, 5, 8),
(5, 6, 6, 8),
(5, 5, 7, 8),
(5, 2, 8, 8),
(5, 5, 9, 8),
(5, 3, 10, 8),
(5, 5, 11, 8),
(5, 6, 12, 8),
(5, 5, 13, 8),
(5, 3, 14, 8),
(5, 5, 15, 8),
(5, 5, 16, 8),
(5, 5, 17, 8),
(5, 5, 18, 8),
(5, 5, 19, 8),
(5, 6, 20, 8),
(5, 5, 21, 8),
(5, 5, 22, 8),
(5, 5, 23, 8),
(5, 5, 24, 8),
(5, 5, 25, 8),
(5, 6, 26, 8),
(5, 6, 1, 9),
(5, 5, 2, 9),
(5, 3, 3, 9),
(5, 5, 4, 9),
(5, 5, 5, 9),
(5, 5, 6, 9),
(5, 5, 7, 9),
(5, 5, 8, 9),
(5, 5, 9, 9),
(5, 5, 10, 9),
(5, 3, 11, 9),
(5, 6, 12, 9),
(5, 3, 13, 9),
(5, 3, 14, 9),
(5, 5, 15, 9),
(5, 5, 16, 9),
(5, 5, 17, 9),
(5, 5, 18, 9),
(5, 5, 19, 9),
(5, 5, 20, 9),
(5, 5, 21, 9),
(5, 5, 22, 9),
(5, 2, 23, 9),
(5, 5, 24, 9),
(5, 5, 25, 9),
(5, 6, 26, 9),
(5, 6, 1, 10),
(5, 3, 2, 10),
(5, 5, 3, 10),
(5, 5, 4, 10),
(5, 5, 5, 10),
(5, 5, 6, 10),
(5, 5, 7, 10),
(5, 5, 8, 10),
(5, 5, 9, 10),
(5, 5, 10, 10),
(5, 3, 11, 10),
(5, 6, 12, 10),
(5, 5, 13, 10),
(5, 5, 14, 10),
(5, 5, 15, 10),
(5, 5, 16, 10),
(5, 3, 17, 10),
(5, 5, 18, 10),
(5, 5, 19, 10),
(5, 5, 20, 10),
(5, 5, 21, 10),
(5, 5, 22, 10),
(5, 5, 23, 10),
(5, 5, 24, 10),
(5, 5, 25, 10),
(5, 6, 26, 10),
(5, 6, 1, 11),
(5, 5, 2, 11),
(5, 5, 3, 11),
(5, 5, 4, 11),
(5, 5, 5, 11),
(5, 5, 6, 11),
(5, 5, 7, 11),
(5, 6, 8, 11),
(5, 6, 9, 11),
(5, 6, 10, 11),
(5, 6, 11, 11),
(5, 6, 12, 11),
(5, 6, 13, 11),
(5, 6, 14, 11),
(5, 6, 15, 11),
(5, 6, 16, 11),
(5, 3, 17, 11),
(5, 5, 18, 11),
(5, 5, 19, 11),
(5, 5, 20, 11),
(5, 5, 21, 11),
(5, 5, 22, 11),
(5, 5, 23, 11),
(5, 3, 24, 11),
(5, 5, 25, 11),
(5, 6, 26, 11),
(5, 6, 1, 12),
(5, 5, 2, 12),
(5, 5, 3, 12),
(5, 5, 4, 12),
(5, 5, 5, 12),
(5, 5, 6, 12),
(5, 5, 7, 12),
(5, 5, 8, 12),
(5, 5, 9, 12),
(5, 5, 10, 12),
(5, 5, 11, 12),
(5, 6, 12, 12),
(5, 5, 13, 12),
(5, 5, 14, 12),
(5, 5, 15, 12),
(5, 5, 16, 12),
(5, 3, 17, 12),
(5, 5, 18, 12),
(5, 3, 19, 12),
(5, 3, 20, 12),
(5, 5, 21, 12),
(5, 5, 22, 12),
(5, 5, 23, 12),
(5, 5, 24, 12),
(5, 5, 25, 12),
(5, 6, 26, 12),
(5, 6, 1, 13),
(5, 5, 2, 13),
(5, 5, 3, 13),
(5, 5, 4, 13),
(5, 3, 5, 13),
(5, 5, 6, 13),
(5, 5, 7, 13),
(5, 3, 8, 13),
(5, 3, 9, 13),
(5, 5, 10, 13),
(5, 5, 11, 13),
(5, 6, 12, 13),
(5, 5, 13, 13),
(5, 5, 14, 13),
(5, 5, 15, 13),
(5, 5, 16, 13),
(5, 5, 17, 13),
(5, 5, 18, 13),
(5, 5, 19, 13),
(5, 3, 20, 13),
(5, 5, 21, 13),
(5, 5, 22, 13),
(5, 5, 23, 13),
(5, 5, 24, 13),
(5, 5, 25, 13),
(5, 6, 26, 13),
(5, 6, 1, 14),
(5, 5, 2, 14),
(5, 5, 3, 14),
(5, 3, 4, 14),
(5, 3, 5, 14),
(5, 5, 6, 14),
(5, 5, 7, 14),
(5, 5, 8, 14),
(5, 5, 9, 14),
(5, 3, 10, 14),
(5, 5, 11, 14),
(5, 6, 12, 14),
(5, 5, 13, 14),
(5, 3, 14, 14),
(5, 5, 15, 14),
(5, 5, 16, 14),
(5, 5, 17, 14),
(5, 5, 18, 14),
(5, 5, 19, 14),
(5, 5, 20, 14),
(5, 5, 21, 14),
(5, 5, 22, 14),
(5, 2, 23, 14),
(5, 5, 24, 14),
(5, 5, 25, 14),
(5, 6, 26, 14),
(5, 6, 1, 15),
(5, 5, 2, 15),
(5, 5, 3, 15),
(5, 5, 4, 15),
(5, 5, 5, 15),
(5, 5, 6, 15),
(5, 5, 7, 15),
(5, 5, 8, 15),
(5, 5, 9, 15),
(5, 5, 10, 15),
(5, 5, 11, 15),
(5, 6, 12, 15),
(5, 5, 13, 15),
(5, 3, 14, 15),
(5, 5, 15, 15),
(5, 5, 16, 15),
(5, 2, 17, 15),
(5, 5, 18, 15),
(5, 5, 19, 15),
(5, 5, 20, 15),
(5, 5, 21, 15),
(5, 5, 22, 15),
(5, 5, 23, 15),
(5, 5, 24, 15),
(5, 5, 25, 15),
(5, 6, 26, 15),
(5, 6, 1, 16),
(5, 5, 2, 16),
(5, 5, 3, 16),
(5, 5, 4, 16),
(5, 5, 5, 16),
(5, 6, 6, 16),
(5, 5, 7, 16),
(5, 2, 8, 16),
(5, 5, 9, 16),
(5, 5, 10, 16),
(5, 5, 11, 16),
(5, 5, 12, 16),
(5, 5, 13, 16),
(5, 5, 14, 16),
(5, 5, 15, 16),
(5, 5, 16, 16),
(5, 5, 17, 16),
(5, 5, 18, 16),
(5, 5, 19, 16),
(5, 6, 20, 16),
(5, 5, 21, 16),
(5, 5, 22, 16),
(5, 5, 23, 16),
(5, 5, 24, 16),
(5, 5, 25, 16),
(5, 6, 26, 16),
(5, 6, 1, 17),
(5, 5, 2, 17),
(5, 5, 3, 17),
(5, 5, 4, 17),
(5, 5, 5, 17),
(5, 6, 6, 17),
(5, 5, 7, 17),
(5, 5, 8, 17),
(5, 5, 9, 17),
(5, 5, 10, 17),
(5, 5, 11, 17),
(5, 5, 12, 17),
(5, 5, 13, 17),
(5, 5, 14, 17),
(5, 5, 15, 17),
(5, 5, 16, 17),
(5, 5, 17, 17),
(5, 5, 18, 17),
(5, 5, 19, 17),
(5, 6, 20, 17),
(5, 5, 21, 17),
(5, 5, 22, 17),
(5, 5, 23, 17),
(5, 3, 24, 17),
(5, 3, 25, 17),
(5, 6, 26, 17),
(5, 6, 1, 18),
(5, 5, 2, 18),
(5, 3, 3, 18),
(5, 3, 4, 18),
(5, 5, 5, 18),
(5, 6, 6, 18),
(5, 5, 7, 18),
(5, 5, 8, 18),
(5, 5, 9, 18),
(5, 5, 10, 18),
(5, 5, 11, 18),
(5, 3, 12, 18),
(5, 5, 13, 18),
(5, 5, 14, 18),
(5, 5, 15, 18),
(5, 3, 16, 18),
(5, 5, 17, 18),
(5, 5, 18, 18),
(5, 5, 19, 18),
(5, 6, 20, 18),
(5, 3, 21, 18),
(5, 5, 22, 18),
(5, 5, 23, 18),
(5, 5, 24, 18),
(5, 5, 25, 18),
(5, 6, 26, 18),
(5, 6, 1, 19),
(5, 5, 2, 19),
(5, 5, 3, 19),
(5, 6, 4, 19),
(5, 6, 5, 19),
(5, 6, 6, 19),
(5, 6, 7, 19),
(5, 6, 8, 19),
(5, 5, 9, 19),
(5, 5, 10, 19),
(5, 5, 11, 19),
(5, 3, 12, 19),
(5, 3, 13, 19),
(5, 5, 14, 19),
(5, 5, 15, 19),
(5, 5, 16, 19),
(5, 6, 17, 19),
(5, 6, 18, 19),
(5, 6, 19, 19),
(5, 6, 20, 19),
(5, 6, 21, 19),
(5, 6, 22, 19),
(5, 6, 23, 19),
(5, 5, 24, 19),
(5, 5, 25, 19),
(5, 6, 26, 19),
(5, 6, 1, 20),
(5, 5, 2, 20),
(5, 5, 3, 20),
(5, 5, 4, 20),
(5, 5, 5, 20),
(5, 6, 6, 20),
(5, 4, 7, 20),
(5, 5, 8, 20),
(5, 5, 9, 20),
(5, 5, 10, 20),
(5, 5, 11, 20),
(5, 5, 12, 20),
(5, 5, 13, 20),
(5, 5, 14, 20),
(5, 5, 15, 20),
(5, 5, 16, 20),
(5, 5, 17, 20),
(5, 5, 18, 20),
(5, 5, 19, 20),
(5, 6, 20, 20),
(5, 5, 21, 20),
(5, 5, 22, 20),
(5, 5, 23, 20),
(5, 5, 24, 20),
(5, 5, 25, 20),
(5, 6, 26, 20),
(5, 6, 1, 21),
(5, 5, 2, 21),
(5, 2, 3, 21),
(5, 5, 4, 21),
(5, 3, 5, 21),
(5, 6, 6, 21),
(5, 3, 7, 21),
(5, 5, 8, 21),
(5, 5, 9, 21),
(5, 5, 10, 21),
(5, 5, 11, 21),
(5, 5, 12, 21),
(5, 4, 13, 21),
(5, 5, 14, 21),
(5, 5, 15, 21),
(5, 5, 16, 21),
(5, 3, 17, 21),
(5, 5, 18, 21),
(5, 5, 19, 21),
(5, 6, 20, 21),
(5, 3, 21, 21),
(5, 5, 22, 21),
(5, 5, 23, 21),
(5, 5, 24, 21),
(5, 5, 25, 21),
(5, 6, 26, 21),
(5, 6, 1, 22),
(5, 5, 2, 22),
(5, 5, 3, 22),
(5, 3, 4, 22),
(5, 3, 5, 22),
(5, 6, 6, 22),
(5, 5, 7, 22),
(5, 3, 8, 22),
(5, 5, 9, 22),
(5, 5, 10, 22),
(5, 5, 11, 22),
(5, 5, 12, 22),
(5, 5, 13, 22),
(5, 5, 14, 22),
(5, 5, 15, 22),
(5, 3, 16, 22),
(5, 3, 17, 22),
(5, 5, 18, 22),
(5, 5, 19, 22),
(5, 6, 20, 22),
(5, 3, 21, 22),
(5, 5, 22, 22),
(5, 5, 23, 22),
(5, 5, 24, 22),
(5, 5, 25, 22),
(5, 6, 26, 22),
(5, 6, 1, 23),
(5, 6, 2, 23),
(5, 6, 3, 23),
(5, 6, 4, 23),
(5, 6, 5, 23),
(5, 6, 6, 23),
(5, 6, 7, 23),
(5, 6, 8, 23),
(5, 6, 9, 23),
(5, 6, 10, 23),
(5, 6, 11, 23),
(5, 6, 12, 23),
(5, 6, 13, 23),
(5, 6, 14, 23),
(5, 6, 15, 23),
(5, 6, 16, 23),
(5, 6, 17, 23),
(5, 6, 18, 23),
(5, 6, 19, 23),
(5, 6, 20, 23),
(5, 6, 21, 23),
(5, 6, 22, 23),
(5, 6, 23, 23),
(5, 6, 24, 23),
(5, 6, 25, 23),
(5, 6, 26, 23);

-- --------------------------------------------------------

--
-- Structure de la table `maps`
--

DROP TABLE IF EXISTS `maps`;
CREATE TABLE IF NOT EXISTS `maps` (
  `ID` int(1) NOT NULL AUTO_INCREMENT,
  `LABEL` varchar(32) COLLATE utf8_bin NOT NULL,
  `WIDTH` int(8) NOT NULL,
  `HEIGHT` int(8) NOT NULL,
  PRIMARY KEY (`ID`)
) ENGINE=MyISAM AUTO_INCREMENT=6 DEFAULT CHARSET=utf8 COLLATE=utf8_bin;

--
-- Déchargement des données de la table `maps`
--

INSERT INTO `maps` (`ID`, `LABEL`, `WIDTH`, `HEIGHT`) VALUES
(1, 'map1', 26, 23),
(2, 'map2', 26, 23),
(3, 'map3', 26, 23),
(4, 'map4', 26, 23),
(5, 'map5', 26, 23);

-- --------------------------------------------------------

--
-- Structure de la table `type_elements`
--

DROP TABLE IF EXISTS `type_elements`;
CREATE TABLE IF NOT EXISTS `type_elements` (
  `ID` int(1) NOT NULL AUTO_INCREMENT,
  `LABEL` varchar(8) COLLATE utf8_bin NOT NULL,
  `ELEMENT_CHAR` varchar(1) COLLATE utf8_bin NOT NULL,
  PRIMARY KEY (`ID`)
) ENGINE=MyISAM AUTO_INCREMENT=7 DEFAULT CHARSET=utf8 COLLATE=utf8_bin;

--
-- Déchargement des données de la table `type_elements`
--

INSERT INTO `type_elements` (`ID`, `LABEL`, `ELEMENT_CHAR`) VALUES
(1, 'minor', 'T'),
(2, 'monster', 'X'),
(3, 'rock', 'O'),
(4, 'diamond', 'D'),
(5, 'dirt', 'G'),
(6, 'border', 'B');
COMMIT;

/*!40101 SET CHARACTER_SET_CLIENT=@OLD_CHARACTER_SET_CLIENT */;
/*!40101 SET CHARACTER_SET_RESULTS=@OLD_CHARACTER_SET_RESULTS */;
/*!40101 SET COLLATION_CONNECTION=@OLD_COLLATION_CONNECTION */;
